<?xml version="1.0" encoding="UTF-8"?>
<beans xmlns="http://www.springframework.org/schema/beans"
       xmlns:xsi="http://www.w3.org/2001/XMLSchema-instance" xmlns:tx="http://www.springframework.org/schema/tx"
       xmlns:mvc="http://www.springframework.org/schema/mvc"
       xmlns:context="http://www.springframework.org/schema/context"
       xmlns:aop="http://www.springframework.org/schema/aop"
       xsi:schemaLocation="
		http://www.springframework.org/schema/beans
		http://www.springframework.org/schema/beans/spring-beans.xsd
		http://www.springframework.org/schema/tx
		http://www.springframework.org/schema/tx/spring-tx.xsd
	    http://www.springframework.org/schema/mvc
         http://www.springframework.org/schema/mvc/spring-mvc.xsd
		http://www.springframework.org/schema/context
		http://www.springframework.org/schema/context/spring-context.xsd
		http://www.springframework.org/schema/aop
		http://www.springframework.org/schema/aop/spring-aop.xsd">
       <mvc:annotation-driven>
           <mvc:message-converters register-defaults="true">
			<bean
					class="org.springframework.http.converter.json.MappingJackson2HttpMessageConverter">
				<property name="supportedMediaTypes">
					<list>
						<value>application/json;charset=UTF-8</value>
						<value>text/html;charset=UTF-8</value>
					</list>
				</property>
			</bean>

			<bean class="org.springframework.http.converter.StringHttpMessageConverter">
				<constructor-arg value="UTF-8" />
			</bean>

		</mvc:message-converters>
       </mvc:annotation-driven>
       <mvc:default-servlet-handler/>
       <context:component-scan base-package="cn.hnust">
       		<context:include-filter type="annotation" expression="org.springframework.stereotype.Controller"/>
       </context:component-scan>
     <!-- 设置freeMarker的配置文件路径 -->
	<bean id="freemarkerConfiguration"
		  class="org.springframework.beans.factory.config.PropertiesFactoryBean">
		<property name="location" value="classpath:freemarker.properties" />
	</bean>
	<!-- 配置freeMarker的模板路径 -->
	<bean id="freeMarkerConfigurer"
		  class="org.springframework.web.servlet.view.freemarker.FreeMarkerConfigurer">
		<property name="templateLoaderPath" value="/WEB-INF/html/" />
		<property name="defaultEncoding" value="UTF-8" />
		<property name="freemarkerSettings" ref="freemarkerConfiguration" />
	</bean>
	<!-- 全局异常配置 start -->
	<bean class="org.springframework.web.servlet.handler.SimpleMappingExceptionResolver">
		<property name="exceptionMappings">
			<props>
				<prop key="java.lang.Exception">/common/500</prop>
				<prop key="java.lang.Throwable">/common/404</prop>
			</props>
		</property>

		<!--定义异常处理页面用来获取异常信息的变量名，默认名value为exception-->
		<property name="exceptionAttribute" value="ex"></property>
		<!-- 设置日志输出级别，不定义则默认不输出警告等错误日志信息 -->
		<property name="warnLogCategory" value="WARN"></property>
		<!-- 默认错误页面，当找不到上面mappings中指定的异常对应视图时，使用本默认配置 -->
		<property name="defaultErrorView" value="error"></property>
		<!-- 默认HTTP状态码 -->
		<property name="defaultStatusCode" value="500"></property>
	</bean>
	<!-- 全局异常配置 end -->
	<!-- 配置freeMarker视图解析器 -->
	<bean id="viewResolver"
		  class="org.springframework.web.servlet.view.freemarker.FreeMarkerViewResolver">
		<property name="requestContextAttribute" value="rc" />
		<property name="cache" value="true" />
		<property name="prefix" value="" />
		<property name="suffix" value=".html" />
		<property name="contentType" value="text/html;charset=UTF-8" />
		<property name="order" value="0" />
	</bean>
        <bean id="multipartResolver"
		  class="org.springframework.web.multipart.commons.CommonsMultipartResolver">
		<property name="defaultEncoding" value="UTF-8" /> <!-- 默认编码 (ISO-8859-1) -->
		<property name="maxInMemorySize" value="10240" /> <!-- 最大内存大小 (10240) -->
		<property name="uploadTempDir" value="/upload" /> <!-- 上传后的目录名 (WebUtils#TEMP_DIR_CONTEXT_ATTRIBUTE) -->
		<property name="maxUploadSize" value="104857600" /> <!-- 最大文件大小，-1为无限止(-1) -->
	</bean>
</beans>